insert into users (username, password, role) values ('mclaasen0', 'zzSa6RY', 'student');
insert into users (username, password, role) values ('psalomon1', 'AG4D3br3Xhnb', 'secretary');
insert into users (username, password, role) values ('jconnolly2', 'MPwDOMs', 'student');
insert into users (username, password, role) values ('mupward3', '5HBE3CjgA', 'secretary');
insert into users (username, password, role) values ('tcaccavari4', 'oQh57rU', 'professor');
insert into users (username, password, role) values ('vgrimsdike5', 'kWdOc1ag0AB', 'student');
insert into users (username, password, role) values ('krosenfarb6', '9aEiiyVyt', 'student');
insert into users (username, password, role) values ('djubert7', 'N607TfU', 'secretary');
insert into users (username, password, role) values ('bpetlyura8', 'YAnye2p510Z', 'secretary');
insert into users (username, password, role) values ('ejeffryes9', 'LFA4YJiv7', 'professor');
insert into users (username, password, role) values ('cprawlea', 'E8xOubPrZ', 'secretary');
insert into users (username, password, role) values ('lmcgarvie0', 'f1yCPca', 'student');
insert into users (username, password, role) values ('ejossc', 'kdP7Z0', 'secretary');
insert into users (username, password, role) values ('aandrewd', 'hyUMcVxR07qN', 'student');
insert into users (username, password, role) values ('nburrellse', '7Mp0NL', 'professor');
insert into users (username, password, role) values ('mgarreltsf', 'HKVZUgN9', 'student');
insert into users (username, password, role) values ('egrimwadeg', 'wGVvpbB', 'professor');
insert into users (username, password, role) values ('rmineth', 'cV4iGFb4h', 'professor');
insert into users (username, password, role) values ('gdarrigoi', 'aNJvLxo1Zsou', 'student');
insert into users (username, password, role) values ('whannondj', 'RJtu3F3', 'professor');

insert into students (RegistrationNumber, Name, Surname, Department, Users_username) values (44365, 'Jacintha', 'Mumby', 'Philosophy', 'mclaasen0');
insert into students (RegistrationNumber, Name, Surname, Department, Users_username) values (38280, 'Ermengarde', 'Jentet', 'Business Administration', 'jconnolly2');
insert into students (RegistrationNumber, Name, Surname, Department, Users_username) values (24001, 'Louie', 'Marchand', 'Accounting and Finance', 'vgrimsdike5');
insert into students (RegistrationNumber, Name, Surname, Department, Users_username) values (17168, 'Danyette', 'Wheal', 'Law', 'lmcgarvie0');
insert into students (RegistrationNumber, Name, Surname, Department, Users_username) values (80602, 'Wells', 'Frensche', 'Philosophy', 'gdarrigoi');
insert into students (RegistrationNumber, Name, Surname, Department, Users_username) values (38895, 'Martita', 'Ainscough', 'Economics', 'mgarreltsf');
insert into students (RegistrationNumber, Name, Surname, Department, Users_username) values (91179, 'Patrice', 'Rattenbury', 'Computer Science', 'krosenfarb6');
insert into students (RegistrationNumber, Name, Surname, Department, Users_username) values (87026, 'Guillemette', 'Meineken', 'Law', 'aandrewd');

insert into professors (AFM, Name, Surname, Department, Users_username) values (597555294, 'Anett', 'Gensavage', 'Economics', 'rmineth');
insert into professors (AFM, Name, Surname, Department, Users_username) values (247379239, 'Janelle', 'Bigglestone', 'Business Administration', 'ejeffryes9');
insert into professors (AFM, Name, Surname, Department, Users_username) values (757428054, 'Maud', 'MacCarroll', 'Accounting and Finance', 'nburrellse');
insert into professors (AFM, Name, Surname, Department, Users_username) values (216526335, 'Correy', 'McAtamney', 'Philosophy', 'whannondj');
insert into professors (AFM, Name, Surname, Department, Users_username) values (130537193, 'Elyse', 'Musson', 'Computer Science', 'egrimwadeg');
insert into professors (AFM, Name, Surname, Department, Users_username) values (565123931, 'Balduin', 'Gotcliff', 'Law', 'tcaccavari4');

insert into secretaries (PhoneNumber, Name, Surname, Department, Users_username) values (2102052501, 'Perceval', 'Bleckly', 'Law', 'cprawlea');
insert into secretaries (PhoneNumber, Name, Surname, Department, Users_username) values (2101755029, 'Iormina', 'Autrie', 'Accounting and Finance', 'ejossc');
insert into secretaries (PhoneNumber, Name, Surname, Department, Users_username) values (2103685401, 'Paquito', 'Edling', 'Economics', 'psalomon1');
insert into secretaries (PhoneNumber, Name, Surname, Department, Users_username) values (2108895584, 'Enrika', 'Oldershaw', 'Computer Science', 'mupward3');
insert into secretaries (PhoneNumber, Name, Surname, Department, Users_username) values (2103082720, 'Delmore', 'Cussons', 'Business Administration', 'djubert7');
insert into secretaries (PhoneNumber, Name, Surname, Department, Users_username) values (2102949173, 'Web', 'Romanini', 'Philosophy', 'bpetlyura8');

insert into course (idCourse, CourseTitle, CourseSemester, Professors_AFM) values (3319, 'Engineer III', 3, 130537193);
insert into course (idCourse, CourseTitle, CourseSemester, Professors_AFM) values (2693, 'VP Marketing', 6, 757428054);
insert into course (idCourse, CourseTitle, CourseSemester, Professors_AFM) values (4805, 'Databse Structure', 4, 130537193);
insert into course (idCourse, CourseTitle, CourseSemester, Professors_AFM) values (7137, 'Sales Associate', 7, 597555294);
insert into course (idCourse, CourseTitle, CourseSemester, Professors_AFM) values (5552, 'Criminal Law', 5, 565123931);
insert into course (idCourse, CourseTitle, CourseSemester, Professors_AFM) values (9468, 'Mathematical Economics', 3, 597555294);
insert into course (idCourse, CourseTitle, CourseSemester, Professors_AFM) values (6335, 'Desktop Support Technician', 4, 130537193);
insert into course (idCourse, CourseTitle, CourseSemester, Professors_AFM) values (1268, 'AP Microeconomics', 7, 597555294);
insert into course (idCourse, CourseTitle, CourseSemester, Professors_AFM) values (9019, 'American Government', 1, 565123931);
insert into course (idCourse, CourseTitle, CourseSemester, Professors_AFM) values (1974, 'Accountant I', 1, 757428054);
insert into course (idCourse, CourseTitle, CourseSemester, Professors_AFM) values (7989, 'International Law', 2, 565123931);
insert into course (idCourse, CourseTitle, CourseSemester, Professors_AFM) values (2351, 'Moralities of Everyday Life', 1, 216526335);

insert into course_has_students (id, Course_idCourse, Students_RegistrationNumber, GradeCourseStudent) values (1, 9468, 38280, 7);
insert into course_has_students (id, Course_idCourse, Students_RegistrationNumber, GradeCourseStudent) values (2, 6335, 24001, 4);
insert into course_has_students (id, Course_idCourse, Students_RegistrationNumber, GradeCourseStudent) values (3, 2693, 80602, 3);
insert into course_has_students (id, Course_idCourse, Students_RegistrationNumber, GradeCourseStudent) values (4, 9019, 44365, 3);
insert into course_has_students (id, Course_idCourse, Students_RegistrationNumber, GradeCourseStudent) values (5, 1974, 91179, 7);
insert into course_has_students (id, Course_idCourse, Students_RegistrationNumber, GradeCourseStudent) values (6, 5552, 87026, 4);
insert into course_has_students (id, Course_idCourse, Students_RegistrationNumber, GradeCourseStudent) values (7, 7137, 80602, 5);
insert into course_has_students (id, Course_idCourse, Students_RegistrationNumber, GradeCourseStudent) values (8, 4805, 91179, 3);
insert into course_has_students (id, Course_idCourse, Students_RegistrationNumber, GradeCourseStudent) values (9, 2693, 38895, 1);
insert into course_has_students (id, Course_idCourse, Students_RegistrationNumber, GradeCourseStudent) values (10, 9019, 87026, 10);
insert into course_has_students (id, Course_idCourse, Students_RegistrationNumber) values (11, 7989, 87026);
insert into course_has_students (id, Course_idCourse, Students_RegistrationNumber) values (12, 3319, 91179);
insert into course_has_students (id, Course_idCourse, Students_RegistrationNumber) values (13, 7989, 17168);
insert into course_has_students (id, Course_idCourse, Students_RegistrationNumber) values (14, 9019, 17168);
insert into course_has_students (id, Course_idCourse, Students_RegistrationNumber) values (15, 5552, 17168);